candidate_id,실제_보상명,정산_컬럼,1단위당_보라가치,샘플수량,수량방식(AUTO/OCR/DEFAULT_ONE),비고
U01,빨레,빨레,0,1,DEFAULT_ONE,정산 포함
U02,보라레시피,보라레시피,3000,1,DEFAULT_ONE,엑셀 보라레시피
U03,파랑레시피,파랑레시피,130,1,DEFAULT_ONE,엑셀 파랑레시피
U04,초록레시피,초록레시피,10,1,DEFAULT_ONE,엑셀 초록레시피
U05,파템,파템,4300,1,DEFAULT_ONE,엑셀 파템
U06,파템,파템,4300,1,DEFAULT_ONE,엑셀 파템
U07,파템,파템,4300,1,DEFAULT_ONE,엑셀 파템
U08,파템,파템,4300,1,DEFAULT_ONE,엑셀 파템
U09,초템,초템,650,1,DEFAULT_ONE,엑셀 초템
U10,초템,초템,650,1,DEFAULT_ONE,엑셀 초템
U11,흰템,흰템,100,1,DEFAULT_ONE,엑셀 흰템
U12,룬 소환,룬 소환,0,500,OCR,룬 수량 OCR / 엑셀 룬 소환
U13,전설픽업,전설픽업,0,500,OCR,픽뽑=전설픽업으로 통합
U14,룬 소환,룬 소환,0,120,OCR,룬 수량 OCR / 엑셀 룬 소환
U15,동료소환,동료소환,0,100,OCR,동 수량 OCR / 엑셀 동료소환
U16,동료소환,동료소환,0,80,OCR,동 수량 OCR / 엑셀 동료소환
U17,랜덤 룬,랜덤 룬,0,3,OCR,룬뽑=엑셀 랜덤 룬
U18,보라레시피,보라레시피,3000,1,DEFAULT_ONE,엑셀 보라레시피
U19,파랑레시피,파랑레시피,130,1,DEFAULT_ONE,엑셀 파랑레시피
U20,보,보,0,1,DEFAULT_ONE,정산 포함
U21,보,보,0,1,DEFAULT_ONE,정산 포함
U22,보,보,0,1,DEFAULT_ONE,정산 포함
U23,보,보,0,1,DEFAULT_ONE,정산 포함
U24,파템,파템,4300,1,DEFAULT_ONE,엑셀 파템
U25,초템,초템,650,1,DEFAULT_ONE,엑셀 초템
U26,초템,초템,650,1,DEFAULT_ONE,엑셀 초템
U27,초템,초템,650,1,DEFAULT_ONE,엑셀 초템
U28,흰템,흰템,100,1,DEFAULT_ONE,엑셀 흰템
U29,흰템,흰템,100,1,DEFAULT_ONE,엑셀 흰템
U30,흰템,흰템,100,1,DEFAULT_ONE,엑셀 흰템
U31,흰템,흰템,100,1,DEFAULT_ONE,엑셀 흰템
U32,룬 소환,룬 소환,0,150,OCR,룬 수량 OCR / 엑셀 룬 소환
U33,전설픽업,전설픽업,0,800,OCR,픽업=전설픽업으로 통합
